id,price
3917,4
1885,0
1305,3
19328,2
16511,3
9998,5
19072,4
16947,3
10530,2
296,3
15096,2
6040,2
8223,2
17600,3
19869,4
19269,5
10975,5
5639,3
19529,3
10679,2
14694,1
8793,4
5721,4
16265,3
93,2
3278,3
884,0
11280,0
21235,3
6313,1
16460,2
5630,1
21189,1
7256,0
16220,5
18414,3
19613,4
218,2
22370,1
22336,2
7055,2
11322,1
2865,3
4750,4
4277,4
5612,1
20989,3
20943,1
12386,0
14334,5
13225,4
2745,4
8738,5
6414,1
9668,3
9031,1
6656,1
10786,1
21549,0
22349,2
6420,0
1947,4
736,2
19630,5
12051,1
5477,0
12645,4
15109,4
10532,4
8220,1
2,1
11044,4
7295,1
10885,3
16796,4
1797,0
10634,2
10407,2
21735,5
2778,3
194,1
7804,0
13530,0
22415,2
20085,0
294,1
11794,2
5122,3
10704,0
16859,5
14362,1
12641,3
1896,4
11109,1
21815,5
4037,3
21022,3
7049,1
11097,5
2850,4
15606,0
14704,4
4372,3
21477,3
5097,3
5643,0
13255,3
15411,4
1895,0
16267,2
6614,3
2121,3
17397,4
5847,3
15086,2
2091,1
7072,4
21176,2
4779,0
7447,5
10305,3
16551,2
22239,4
11519,4
20378,3
17492,1
4201,3
5603,0
5941,1
12785,0
319,3
8428,0
17824,1
20384,3
10343,2
20603,3
1731,3
16696,3
12763,4
15235,3
8423,4
18959,5
8854,3
6700,1
4720,1
1073,5
13019,0
16330,5
22225,0
18079,3
17070,1
56,3
10584,5
5773,3
3321,0
22057,0
3666,0
12852,2
17373,2
4680,2
21019,3
22132,5
4919,0
563,4
20941,2
16160,5
15954,0
6607,1
4080,4
20892,4
9688,1
19288,5
555,1
4315,2
12274,0
14127,2
18654,5
14628,2
9384,2
8175,4
8885,3
1375,2
6396,1
7018,1
7387,0
11458,3
7449,3
18594,3
11356,2
10230,2
3458,1
20208,2
10858,4
10499,3
17272,0
14254,5
5302,0
15804,3
14,1
17461,1
20361,0
14748,2
17289,2
8002,5
21896,3
10912,4
6928,4
19254,2
10324,1
21216,1
5054,3
8707,5
11377,3
18817,3
9891,0
12208,3
1086,2
13836,2
13762,3
4051,1
9371,2
3112,2
4759,5
2981,4
11425,1
7141,3
12627,5
10217,5
18221,1
2728,0
14497,5
9514,2
12719,3
11824,0
10179,2
18937,0
1266,0
1911,0
20857,3
4009,1
12908,4
2082,2
1572,0
21435,3
2995,4
19315,4
8872,3
19087,1
12271,2
1828,3
13146,3
6797,3
249,1
7401,2
16031,2
11000,5
18892,1
14642,1
21577,3
11666,2
9571,0
8789,4
3633,1
20373,3
15648,1
10733,3
889,1
10084,4
18505,3
20769,2
689,2
10408,3
1533,2
3251,3
8418,4
5777,2
8097,4
18698,3
17767,1
4543,3
13398,5
2225,2
561,4
21660,3
7690,5
13823,4
5565,0
18363,3
11638,1
4564,3
19996,1
3898,1
21186,0
11523,2
19332,1
7876,2
15992,3
71,2
12154,1
21100,3
7591,0
7024,5
18358,2
20164,3
15229,0
17589,3
22186,3
19973,0
12213,1
9494,3
16036,4
19554,5
5899,5
15674,3
15194,0
8713,5
15560,3
9310,4
44,1
15437,1
12675,3
7677,1
17345,2
15794,5
15993,4
6885,1
7268,4
11552,1
14440,2
12483,3
9144,3
4828,3
771,3
15214,0
11732,5
3551,2
1112,0
17419,3
19356,3
21498,1
11262,2
1371,1
6357,0
14498,2
13605,2
18473,3
4441,4
3162,3
15489,2
9418,3
2279,5
21677,4
11899,1
4362,2
7429,0
6895,2
5996,2
5720,4
2211,0
14155,0
14253,4
9758,1
53,1
19643,2
512,2
21663,3
19106,2
8532,3
12731,4
8111,4
6430,0
22143,5
4494,2
3144,3
17582,1
4084,3
393,0
18384,1
17254,1
2953,4
4227,3
10455,0
11486,0
6226,4
14325,3
7325,3
11227,0
12962,5
13541,0
13411,1
3320,3
16405,4
7780,0
9785,1
7058,0
18492,4
15348,2
10300,4
12112,3
13621,4
11799,3
3171,3
3170,3
18745,5
722,2
4814,2
9355,0
2019,2
469,4
897,3
5569,0
79,1
19374,5
21550,2
11369,4
527,3
3403,2
597,3
3619,2
7033,3
12076,1
5319,4
22222,2
19116,5
17525,5
15883,1
17893,4
15935,4
20239,3
3431,2
11449,3
3735,3
21855,3
920,3
9856,0
4177,2
9224,3
5515,0
3966,2
10481,4
3659,1
162,0
6999,3
6066,0
5108,1
12802,3
20027,0
13916,5
6288,2
19557,5
4808,1
1941,3
14308,0
8941,5
9464,2
15899,5
19906,3
1326,2
13478,5
17017,2
816,0
1124,3
15623,0
13394,1
9018,3
13246,4
17326,1
4239,3
10597,0
19806,1
15980,3
4217,0
12008,3
1056,3
15877,2
12452,3
9196,1
7542,3
1031,3
17360,2
17269,3
20227,3
3227,3
11455,4
20896,0
10066,4
21787,3
15453,0
18912,1
14284,3
6655,1
11373,4
15260,0
17087,2
15491,3
21411,4
8179,2
7921,3
1279,3
20196,1
2974,3
7460,3
21679,3
13170,0
12323,2
1153,3
6789,2
19318,4
10052,4
7852,3
1135,1
17480,1
15463,3
3141,3
1635,1
21927,3
12993,2
15267,4
16685,4
21013,3
8207,2
18277,1
7270,0
2116,2
8084,4
8980,4
14640,2
10557,4
15253,3
9316,3
16982,2
16822,3
21434,3
5280,3
17996,3
4677,1
4661,4
17867,2
4146,0
1351,3
9149,4
7218,0
844,2
312,2
2110,0
12409,0
8949,2
4142,4
21341,1
17341,3
13632,3
11907,3
10748,3
6223,2
9776,3
6705,2
16251,3
4596,1
412,4
1870,3
5678,3
4163,0
11253,0
12036,3
3209,4
65,0
334,3
9343,3
16926,4
18465,2
4160,0
6954,2
17035,5
15833,3
6923,1
20667,2
5983,2
18045,3
21120,3
22092,0
17161,3
382,0
12166,3
3474,2
3683,1
19555,5
17642,0
9792,1
1173,0
16650,2
6653,3
14922,2
7109,3
11878,1
6431,0
13055,3
10746,3
3747,3
10310,0
7353,0
14777,0
16478,3
14648,1
1247,5
13772,3
12609,4
21816,1
3365,2
17750,4
20009,2
5210,0
19799,5
18218,2
10770,4
16111,1
8113,4
20828,3
10112,3
7004,0
19353,3
6968,0
2707,1
18359,2
12988,2
9456,2
4916,2
19942,4
22019,3
4600,4
5148,2
10319,4
2243,5
6876,4
3468,3
18831,5
5396,5
12737,3
18121,3
10521,2
4761,5
11136,3
3585,2
7515,4
13431,0
961,0
730,0
2879,4
16448,2
10078,1
6410,3
7794,0
9855,4
2727,5
4743,0
16820,5
17037,4
7624,3
20057,3
6563,3
2085,4
9318,2
21468,3
18934,3
20888,3
11547,3
11647,4
6338,5
13996,5
17416,1
1785,2
10031,1
2210,5
3187,2
14484,1
3373,2
15583,5
10160,3
5870,3
16523,4
17993,1
13515,3
4843,3
13964,5
2115,4
9452,0
9773,5
19995,3
19405,5
172,0
3413,2
11886,3
5829,3
5347,0
12077,4
5658,3
12301,2
6766,4
10087,2
4096,0
18301,3
15783,2
13455,1
14358,1
4240,4
19445,5
17121,1
3879,4
2354,4
17862,2
9860,3
17696,0
10831,3
10623,4
17796,1
1871,2
5252,0
7334,1
20744,0
18057,2
15521,5
6844,1
22257,0
12038,2
9221,5
11405,0
18459,4
1019,4
22072,3
11457,4
10070,3
1981,3
6388,1
9591,4
5106,3
9369,4
9277,4
16890,5
16923,3
14647,1
10072,4
11489,4
7752,0
15429,3
4095,2
17738,3
7497,4
12966,0
11889,3
1977,2
16855,5
9859,2
6026,3
15974,5
5152,2
14301,1
12897,3
3224,5
326,0
6904,2
1715,2
5306,1
7550,0
18927,5
13665,5
7949,2
17085,3
13280,5
3940,3
18646,0
21160,2
2100,2
20135,3
20370,3
6152,0
18809,2
6397,3
5095,0
21734,4
445,0
567,5
12383,2
15274,4
10534,3
6884,1
21757,5
15884,2
13075,3
12181,2
13351,4
11525,3
20558,2
12462,1
4858,5
15198,1
4928,0
21413,0
12466,3
18737,5
14512,3
104,2
13713,0
795,3
12047,0
21294,1
10641,1
16185,2
19988,4
7768,0
13108,0
19778,5
15759,0
10184,5
10712,3
10443,2
15436,4
3388,2
7001,5
899,2
10167,3
3914,3
3676,1
14294,2
4946,5
14088,2
8653,2
18944,2
2950,1
7821,0
7165,2
3349,2
20216,0
16113,3
9638,2
17453,2
2392,3
9446,1
16768,3
16779,4
5468,4
3104,4
10708,2
19458,2
7073,1
2764,5
20127,0
7221,2
5399,3
6047,0
11285,1
8022,5
4364,1
5487,5
22163,3
21063,5
18317,3
12512,0
9457,0
12687,5
1023,2
17633,3
6921,2
20629,3
15050,0
19528,4
3533,1
15278,2
12865,1
16553,2
10576,5
11573,1
18387,1
14855,1
5779,0
5112,4
1096,1
11177,4
14178,0
2909,3
14594,5
19991,2
8180,1
11640,3
2144,3
3838,2
18268,1
9097,1
9143,0
5433,3
22185,4
13378,3
15984,2
14496,0
14888,0
1105,2
9209,3
13973,5
17,3
7538,4
20157,2
3784,2
9982,0
739,2
17672,4
14401,2
22305,2
15945,2
12547,5
19685,0
12869,4
9960,1
19437,4
20974,4
13038,2
3271,2
1442,2
6993,5
18304,3
7622,0
18471,3
3531,3
121,4
19226,3
2498,5
298,2
21024,5
9926,4
1515,0
9286,0
4336,3
4290,2
18303,1
11204,5
22180,5
13950,4
20533,3
20855,3
19782,4
17817,0
15812,0
1944,2
16003,5
12705,2
7586,1
8118,5
10076,3
18701,4
1130,3
16256,4
13829,4
20049,2
5139,4
12245,2
2287,1
12374,2
7222,4
15876,3
17217,1
10977,5
21238,2
5361,3
15149,3
11121,1
693,2
6771,1
6714,2
20992,3
14319,0
4147,4
5539,5
17000,4
10470,3
20681,5
19790,5
660,0
22252,1
4991,0
7959,3
8257,1
10245,1
21588,3
9358,3
365,0
8913,5
6237,3
7452,2
14907,2
3056,2
12497,3
10884,5
20495,3
21236,2
6092,0
4413,2
14537,2
19119,4
1374,1
2050,4
10632,4
14413,4
4618,2
231,1
18172,3
1482,1
1303,4
12443,2
5416,0
11104,3
22280,4
16466,3
3716,3
18068,3
14505,3
11288,3
9376,2
6204,1
2982,2
17953,1
2178,4
8055,4
20849,2
16533,5
12673,3
6615,3
10600,0
10611,4
8321,2
4977,3
19987,1
6402,3
6322,1
10538,4
11279,2
10747,4
19959,5
2114,1
21602,5
2181,2
10399,4
6231,3
20779,0
2892,3
22364,3
13863,4
7548,1
2672,2
570,2
15,1
10386,3
5800,3
6516,1
1100,3
12931,3
10252,3
5680,0
15646,2
7871,5
4310,0
10586,3
12940,5
19162,3
21558,4
8406,3
6118,1
7070,5
18294,2
13883,3
4526,2
9004,3
2894,5
10735,3
677,5
16581,2
21465,0
6850,2
20433,0
15874,4
7892,3
13546,4
16630,3
12380,0
4565,1
2731,1
14228,2
839,1
3877,2
4632,0
7634,0
5066,1
16608,2
4188,0
1739,0
7044,2
10483,0
3049,2
1408,0
6008,0
3035,3
18902,4
12826,0
11096,4
2158,1
21060,1
15364,4
18687,4
18093,0
12279,2
1817,0
11927,3
106,3
8774,3
2841,2
14443,4
14415,0
6317,1
12408,2
19256,3
13408,0
8293,0
1129,0
19620,3
8463,0
19025,1
14693,1
12221,2
4487,4
4788,4
7166,1
1104,2
16660,3
7626,3
18857,3
20291,1
3892,2
7047,2
4312,1
9551,3
11532,3
14533,2
15029,4
22392,3
13343,2
13734,5
5045,3
16336,4
7659,0
21669,3
19110,2
14909,0
1497,2
14984,0
12953,1
4579,4
13051,3
15756,0
11388,1
21514,4
1567,1
18125,2
13722,3
5772,2
1193,0
2807,4
21525,2
11901,0
22085,2
15079,3
15205,1
21298,4
21610,3
20188,2
7042,1
2106,3
12986,3
16549,5
11085,5
12441,3
10741,5
19029,4
13945,3
7739,3
12020,3
20972,4
22311,2
13373,1
5240,3
20890,5
17991,2
20644,1
1781,1
5762,1
2898,5
4489,3
4397,4
16896,3
5038,1
8709,2
16387,5
8215,3
5827,5
327,1
5444,3
1693,3
9382,2
6838,4
4258,4
12838,3
13130,0
3665,0
3370,0
10555,1
22273,1
881,0
11176,4
21058,4
12235,2
3230,3
10872,2
17507,3
17414,4
12099,3
18978,2
9728,4
11338,4
17681,0
18678,4
22306,0
19621,4
16037,2
16299,5
1980,2
3132,2
6065,4
368,1
6444,5
5196,0
17781,0
17500,4
927,3
6417,0
9654,1
17441,5
18449,1
13684,4
20399,3
20324,2
4278,2
7962,3
21634,0
8178,2
7599,3
22012,0
7917,3
11852,1
8284,3
4732,0
14564,5
20566,2
12258,2
21561,1
17395,4
19945,1
21054,3
12612,0
6887,0
11052,4
18788,4
20761,3
5013,5
7057,5
14048,3
17131,4
13104,1
20394,4
5611,3
7104,5
5170,2
20076,2
7320,1
3888,2
13949,5
20402,2
7762,0
11684,1
13839,2
14548,2
21379,3
999,2
16617,4
6205,4
6398,0
8835,3
15303,0
2348,2
14852,2
8895,4
2480,3
1558,0
17477,3
17705,0
8259,3
11391,2
6250,4
18696,2
11620,3
21316,2
7210,1
7096,2
6663,0
13178,5
9074,2
9003,1
3820,0
17556,2
1160,0
15150,0
18738,2
21753,3
10590,5
14579,1
4186,2
16990,1
4131,3
18964,0
3566,4
21596,1
6120,2
9093,2
1802,2
14403,3
686,5
812,1
22235,0
16443,4
760,4
10892,5
19056,4
22155,0
14679,3
2488,2
7702,2
18180,3
20183,2
1719,4
20219,2
8226,3
14272,5
9503,0
15022,2
4623,4
11501,2
22406,2
20619,0
14995,4
19261,2
8376,5
139,1
8128,1
18797,5
20452,1
11043,5
1089,3
7850,4
4157,1
21252,5
8847,3
4496,3
20705,2
5839,4
12304,3
11988,3
14054,1
14024,5
9874,4
21889,5
7043,4
13851,5
7045,2
11411,1
18286,2
21635,3
18844,0
5510,4
20393,3
11761,2
15799,2
14359,2
4164,0
3327,1
14802,5
12018,5
5861,3
12532,2
21732,5
7878,5
7809,0
11893,2
16532,5
9824,3
19292,0
17853,4
20516,0
13009,5
7393,2
18999,3
19610,5
6344,3
6369,4
5367,4
19746,4
4406,3
8277,3
16960,3
3244,0
16418,4
3203,4
1397,0
17054,4
5234,4
17082,2
9365,2
313,0
3799,2
1347,3
11859,4
18511,1
17226,0
15124,3
8603,0
6075,0
13029,2
4978,1
3942,2
7213,1
5237,3
6247,1
10136,2
20547,2
1704,0
7963,5
1644,1
13100,0
4097,1
14815,4
15776,1
17502,1
20110,1
6546,1
1109,3
4268,2
20250,2
937,2
20442,3
114,1
12916,2
1702,4
966,0
16017,3
19064,3
11834,0
12460,3
20733,2
1546,3
420,3
17593,5
534,3
3529,1
8562,5
13685,3
14686,1
654,3
10540,0
21043,2
8947,4
3368,4
1009,2
962,3
5215,1
1360,2
16052,5
17242,4
16756,3
17231,3
17448,1
18804,2
1505,2
100,3
16125,5
18543,4
1077,5
11318,1
17399,2
16103,4
21326,3
3781,0
8012,2
3609,2
7944,5
17847,2
16264,5
17462,3
11586,5
6364,0
17838,2
21223,1
19260,4
16187,4
2346,3
12911,3
6914,1
6449,5
11786,0
10684,4
15102,0
21302,4
15034,3
20303,3
19846,1
13293,3
8838,1
4454,1
6224,2
15849,2
20305,4
694,2
13556,4
4637,0
19316,5
5668,2
20253,2
14038,3
15843,4
16468,3
19708,5
16868,2
19120,1
18341,1
18576,2
18211,3
11454,2
13895,4
2777,4
0,1
18886,3
21436,2
13523,3
11286,1
16499,3
4198,2
12504,1
11921,3
16692,2
18247,3
10190,2
21996,4
1436,3
7091,0
17353,1
1766,0
2595,3
3657,1
13416,1
14709,1
20562,2
3347,3
8700,1
22292,3
5797,2
5411,3
10766,2
10299,2
14832,0
16370,5
9400,4
3150,4
15455,0
7120,4
2951,3
21825,1
14215,1
4658,4
9170,2
2325,2
6925,2
7006,2
513,4
369,2
21486,1
5992,0
19634,4
2737,3
19691,5
6299,0
15016,3
18248,1
7593,0
6367,3
15333,2
1378,2
19937,4
7193,2
2330,0
13506,3
11844,0
12215,2
800,4
4190,1
16455,3
12071,0
17860,2
10419,4
12439,4
19836,5
1346,2
19872,3
16787,5
11962,2
2512,4
4994,3
11120,1
6059,2
9299,3
3866,3
11481,0
12615,1
21830,3
17803,0
17349,1
11208,1
11742,5
5084,3
6643,2
9726,5
7414,2
4865,0
4546,0
15403,3
2546,2
1097,1
1131,1
18200,1
4379,0
7710,5
16917,5
8710,5
21210,1
18724,2
15816,0
19770,5
4349,3
7206,2
8237,0
8806,1
531,2
192,0
17973,1
8419,1
4102,3
4111,3
7357,3
6927,2
11812,2
10567,3
11726,2
4301,3
12956,2
6375,1
22030,2
7772,0
11309,1
14879,3
7653,0
3295,4
3782,2
5632,0
22069,5
7628,0
182,1
13470,1
5911,2
1063,4
19400,5
4719,4
13885,3
22159,5
12072,4
10978,5
11209,2
1523,2
1873,3
20261,3
2147,0
17529,2
5443,5
11920,1
11985,0
5703,0
21065,0
697,1
20308,3
15296,5
4907,4
6329,3
15121,1
4486,0
8823,5
2143,3
4980,5
18922,2
16409,2
16792,5
19474,2
16991,2
9749,3
85,2
155,1
14261,3
19221,4
16107,5
2673,3
13032,2
934,0
6650,1
10531,4
20656,2
14728,3
5107,2
4701,3
20503,1
18153,4
9896,2
20070,0
2281,3
14999,3
12812,1
6889,1
22084,5
6727,5
8945,4
22285,0
14785,3
9963,2
9239,2
3269,3
9458,3
3180,4
18403,2
20544,1
21759,2
2269,1
9518,0
1284,1
14066,1
5905,0
2093,1
7755,1
17133,0
7621,5
9845,4
5648,0
21725,3
37,4
6432,3
18448,4
5169,0
20752,3
6745,3
10812,5
13650,0
13670,3
20824,1
16903,2
11246,2
17376,3
7476,5
7927,3
17361,3
12760,1
22361,5
487,4
5407,3
9084,2
5655,5
1094,3
18302,2
13559,3
5734,0
21784,5
5939,0
19710,4
9026,1
6110,2
18755,3
17001,2
16813,5
10222,5
1886,5
769,1
18605,2
12350,1
11825,3
20961,2
13383,4
12237,0
13813,2
15706,1
20266,0
832,4
19359,2
3499,5
2056,2
4006,0
6113,0
6586,3
7975,4
8355,3
15620,1
20973,4
16203,2
15503,2
19065,4
19647,3
1510,1
12714,5
1975,0
20198,4
3014,2
6054,3
17740,3
3072,2
5227,4
16498,4
18579,3
17012,2
8977,4
13323,3
15212,0
955,3
9838,4
4139,4
4636,2
6051,1
21566,5
21128,1
10196,4
15965,3
21649,1
17835,2
21073,1
3920,0
20091,4
4751,4
21067,1
4731,3
6973,2
16658,5
13807,4
7723,1
2209,2
21527,2
4524,2
2485,3
7832,4
6862,2
5321,3
14491,2
12132,1
939,2
1835,4
5966,1
3617,2
16603,2
17438,2
6296,2
13906,4
18880,5
18212,4
15122,2
4770,4
10976,2
17850,0
15287,5
17771,0
10537,5
15908,2
21391,4
8807,3
1634,1
12667,3
6038,0
1926,4
9359,2
11313,1
7,3
17071,2
10409,2
12016,2
14945,4
14950,4
16817,3
1345,0
15663,2
5499,2
1054,0
12734,3
12435,0
5951,1
18688,5
10339,1
12684,1
18477,2
16189,4
17427,5
14763,1
18593,3
265,2
9572,4
13859,5
20698,2
7966,4
8476,4
3418,1
18423,1
523,3
15239,0
10795,2
8298,5
8747,4
4811,4
242,4
18080,5
9930,5
935,5
21893,3
14873,3
2283,4
9779,1
5030,4
7887,3
21444,3
8433,3
17437,2
13893,5
19650,1
8135,2
2053,1
17955,2
6793,2
21570,5
9117,2
12492,3
14898,0
9980,4
10659,4
6254,1
18595,1
8266,3
11984,0
4180,0
10546,3
13663,5
3265,1
11238,2
9140,2
18925,2
11210,5
3788,2
19949,5
8252,3
15084,1
21378,2
21149,2
21868,3
2704,4
20493,1
6363,3
7158,4
13289,1
8901,3
16893,3
10362,1
18770,4
11038,5
10887,1
16063,3
9977,0
7590,3
18612,2
20631,1
3455,2
17691,3
2450,4
18752,3
11754,3
6575,2
14572,0
16172,3
14242,5
21899,5
13004,1
12006,0
3258,3
9625,4
18992,4
21334,1
8650,1
2699,3
323,2
18641,4
9953,4
4455,1
6327,0
12333,2
9686,0
15141,0
11654,4
12389,0
10071,3
10558,0
10118,3
18974,4
17626,0
3020,3
11993,2
10999,4
5923,3
19614,1
3982,3
7267,2
7291,2
14708,3
19842,3
8978,2
7988,3
2691,3
22056,4
8256,3
6606,3
14715,2
9423,3
2638,2
21023,1
14062,0
17749,1
3189,4
13236,5
161,1
21769,5
10369,5
19729,5
10843,3
8166,5
15134,2
9709,0
10446,2
16263,3
2066,5
3594,4
10973,3
10607,2
18728,3
115,2
4683,3
3292,2
6003,5
7066,2
13733,2
876,0
5533,3
4531,3
15001,3
13933,5
12391,2
5231,5
18290,5
21521,2
8429,3
22282,3
2184,2
18214,3
20556,1
13584,1
2712,2
9171,4
6880,1
5616,3
7247,1
12559,0
15131,3
17401,2
9974,4
20280,1
13921,2
2322,2
18011,3
13217,3
3537,0
17340,1
6744,3
20379,0
8597,5
4059,1
14691,1
17774,1
1329,2
13539,0
19933,5
8110,3
11686,4
59,3
11194,4
7050,1
7422,1
1968,1
94,2
896,2
12682,5
17717,2
14903,1
3536,0
21040,0
12110,0
2051,2
5469,5
22384,4
13161,4
7632,3
10654,3
15656,4
5836,0
10702,4
8004,5
14123,4
9973,5
6100,1
1363,0
18067,5
19017,5
22286,3
4768,2
12445,1
1480,0
2590,2
11365,4
4830,3
1452,3
16941,5
10598,0
21095,5
501,2
2490,5
1789,2
7076,2
8158,4
7439,3
6229,0
10304,2
9486,2
2567,5
20534,1
8470,5
6415,3
14143,1
22011,3
5114,4
621,4
10333,3
8510,3
8935,1
16610,5
3825,1
12111,1
18074,4
16667,5
12334,4
5425,2
923,0
940,3
6374,3
6538,1
11896,1
9035,1
7242,3
7067,3
4999,3
5669,2
6084,1
20956,1
18868,1
19994,2
13805,3
8979,2
11396,3
8995,0
8365,2
4880,3
13177,0
389,2
2015,4
2137,1
21761,3
2952,5
21185,5
10357,2
7034,4
13525,2
12432,0
9470,2
13716,4
1541,3
14037,4
17100,3
4699,1
3545,0
8513,3
1227,2
3490,1
5132,3
3998,3
10270,3
5253,0
19835,4
7769,3
13092,0
297,0
21400,1
15684,2
1111,3
21897,4
14207,1
16116,3
13453,4
9295,5
20206,3
18613,0
8209,4
3726,5
8338,1
6675,2
2557,3
21064,2
4874,3
1015,0
21926,3
13718,2
14971,0
4149,4
8670,5
19279,1
8954,1
12738,2
8523,5
22205,0
21743,5
3835,0
15985,4
10204,1
2833,0
4685,1
12807,5
83,3
197,4
13039,2
2230,3
6616,1
212,3
17472,2
16709,2
5925,2
15424,3
10791,5
10645,2
4508,0
4713,1
2403,3
6761,0
1768,3
16512,3
2549,3
17727,1
20877,0
91,1
20380,3
15576,1
7503,5
21797,1
12771,4
15410,1
15210,2
9055,0
8755,4
7813,3
17741,2
3139,2
5447,2
2849,3
14523,5
12034,0
17420,2
9200,0
16654,2
20808,3
7408,3
17937,4
17447,3
1440,2
9111,3
19044,1
290,3
16074,4
11642,3
10878,3
1354,4
10227,2
12286,3
8772,3
9900,3
16257,0
1012,2
16678,3
7388,2
11670,2
9011,2
18558,1
15082,0
8554,5
17330,2
17006,2
6971,3
19998,0
5375,5
5995,5
8765,1
21183,2
17130,0
17201,2
8951,3
4120,2
17292,0
20348,0
12042,3
7211,4
22183,5
12876,2
10479,2
15644,5
13744,3
19050,3
17917,4
787,3
18275,2
15313,2
5418,0
10527,3
18649,5
14504,3
17211,2
14058,1
1521,3
5044,5
14121,1
6235,3
12239,0
18838,3
9402,2
9611,2
2179,3
10019,2
22067,4
12858,0
344,3
12262,1
11407,2
21360,2
10142,5
2635,3
14924,2
10658,1
20158,0
11,2
2542,5
21288,5
17043,3
1451,2
19360,3
13256,0
19975,5
19093,5
5372,1
4645,1
2391,2
7851,4
17025,3
17906,0
16509,5
22170,5
14230,1
3953,0
17899,2
559,2
5420,4
22113,4
207,5
10391,3
946,5
16373,5
15215,0
20642,3
4236,1
2108,4
3936,2
3896,3
11334,2
2645,5
19574,1
20232,2
19885,4
8088,1
4796,2
12369,3
6491,2
11366,1
19534,4
630,2
3889,1
21066,0
16634,5
4170,4
13990,5
1103,1
2068,4
20029,0
10838,4
19291,1
5874,3
19109,3
19377,4
21804,1
21164,2
13758,2
10109,3
3855,2
16807,5
17491,4
3978,0
11572,4
4576,1
7666,1
3093,1
8109,5
7036,4
17370,2
1838,2
5489,4
18270,4
6746,3
16573,5
8829,5
21438,5
1479,0
20636,2
7209,2
18888,1
20465,2
6692,2
8150,4
9391,3
5981,5
3341,4
13647,2
9284,5
14364,3
6473,3
20420,2
4753,0
11703,5
17708,3
17031,2
15774,1
7980,3
19830,1
6389,0
9430,4
4370,2
21130,5
16590,2
1361,3
9062,2
8542,3
3025,5
18973,3
17302,2
13233,4
5337,4
8342,2
2632,5
7647,1
13792,4
14418,0
10760,5
11247,2
13500,5
19712,2
18096,4
5274,3
9808,1
5591,4
21994,5
16755,4
16406,3
20134,1
5976,3
9053,1
9472,3
21942,3
9811,3
10403,4
7100,4
9345,2
8078,3
21887,2
6497,2
7595,3
8692,4
20023,0
4702,0
20437,2
9436,2
11031,4
4614,4
9682,0
4774,2
7046,2
22268,2
11399,0
6459,1
12558,3
8478,1
21393,5
9558,0
6421,2
8163,3
9072,3
15010,3
20301,1
11124,5
17627,3
9493,1
16109,2
6624,3
16761,4
3613,2
6725,5
17210,0
12747,1
1409,4
20820,2
18794,1
4108,5
16400,3
375,1
8089,4
4589,1
11557,4
13800,3
19839,3
14714,4
4283,0
551,1
17634,3
15193,1
2261,1
2071,4
8768,4
925,1
10749,1
2972,1
6180,2
21981,3
15321,2
5157,4
987,0
18307,3
20167,3
18131,1
22107,3
14839,2
17990,5
4993,1
19811,2
19039,1
2649,3
12744,0
10665,4
4716,2
3439,1
14011,4
19581,5
1202,2
180,3
10810,2
6135,1
12939,3
22123,5
22017,5
3905,1
12398,0
18552,1
19134,4
5601,4
856,0
19192,4
15686,3
10291,1
5333,3
19497,3
3847,0
10367,3
15513,1
2500,2
8461,5
10850,4
42,1
12573,2
3588,3
12638,0
14481,0
16073,2
3102,5
4536,0
17250,3
20520,2
1919,2
17464,4
2985,4
4554,2
19698,4
9447,3
2818,5
5517,0
20526,0
9691,0
4856,2
8066,2
20731,2
13077,4
15374,2
1125,3
11965,2
20984,2
602,1
21847,4
19009,1
21070,5
17784,1
19719,5
20787,2
9497,1
13377,3
9050,1
1226,0
17877,1
18636,2
1504,4
13346,3
13119,3
7522,0
13673,4
6822,0
1399,2
18289,5
10793,3
14470,2
1114,0
8101,1
6582,3
12289,1
14363,1
13765,3
9568,4
16586,5
4553,0
1531,3
19057,3
5880,1
20600,2
980,5
7781,4
11341,5
6753,1
1469,3
16316,2
1042,3
4053,2
14367,1
9986,2
2877,5
11522,3
19623,2
15602,4
19956,1
10580,2
16021,2
14006,3
20678,1
2074,0
11842,2
18774,1
6418,1
14631,3
21364,3
1684,3
18446,2
4279,1
11003,4
20937,0
18513,1
8689,1
566,0
6541,3
15211,2
8435,4
13472,4
1101,3
21795,0
539,0
14171,1
19114,2
16994,4
1420,3
15660,1
22192,0
10693,4
17662,1
15306,0
8323,2
9633,2
19432,2
20382,4
10134,3
16760,2
427,0
18754,1
11251,4
10489,2
14985,0
21792,2
2861,2
11068,3
14120,1
14141,1
12015,0
17658,2
20646,2
17164,5
17450,2
17522,3
11042,5
20581,1
10543,2
9425,3
18207,1
10171,5
19786,4
264,1
16346,0
11265,1
7990,2
10148,2
463,3
8354,2
10113,3
20883,3
15971,2
1199,2
17928,4
16645,3
3997,4
18517,4
6483,4
21703,4
16529,5
19103,0
22098,3
17021,1
2393,3
8003,1
450,0
5422,1
13484,4
21696,3
4979,0
6009,4
14383,2
1756,2
5042,3
19015,3
15696,4
7924,1
15162,1
15169,1
1242,1
3438,1
1254,1
589,4
1435,4
12137,4
16637,2
16404,3
8974,2
8076,5
19457,3
10188,3
21373,4
21782,3
14699,3
14469,3
7304,1
3569,2
6556,5
3302,0
8445,3
21336,4
4341,1
14546,2
20660,3
7364,1
9734,2
9526,3
14865,2
14847,0
6526,1
20293,4
9048,0
15865,3
14332,4
3264,4
1534,1
9118,1
14345,2
7580,5
1909,4
7611,2
13726,5
5356,1
2140,2
12868,3
3161,3
17271,3
16075,4
12722,3
8069,1
15074,3
18952,4
18240,2
12649,3
5709,3
10297,3
5562,0
14544,5
22091,3
21642,2
4248,3
11134,0
4242,3
8299,3
19434,3
17605,4
10755,5
6309,4
9550,1
11482,1
1468,2
7186,2
9947,4
4316,1
14187,3
9530,3
5993,0
3614,0
8583,4
16032,5
13701,5
2169,4
13704,5
14175,1
8673,3
12715,5
2176,3
6738,3
13022,2
718,4
3644,3
8205,4
22407,4
2155,3
12917,4
14751,1
7576,3
6372,2
11094,4
15060,5
17423,5
18512,1
14614,0
4483,4
20022,1
21338,1
8590,2
21460,3
15184,0
9544,3
21303,3
6291,1
19023,4
16112,5
20561,0
20768,3
6704,3
20214,1
7167,5
18850,1
14831,1
11580,3
14194,1
14986,0
18743,2
16995,5
18160,0
16016,2
7998,2
5918,1
10169,4
16458,2
13436,2
4068,0
15474,4
21839,1
4435,1
13693,2
3433,2
5895,5
8502,5
12813,2
5385,2
4718,2
8391,3
21807,5
2034,3
21156,0
1439,3
22212,2
3137,3
7541,4
5955,0
8499,5
9179,1
5860,4
6132,2
22200,3
15639,5
3459,4
8517,0
12620,2
21447,2
12935,3
4325,3
1920,1
8105,4
5191,5
13609,5
10387,3
10182,3
3635,0
13987,3
1156,1
21951,2
4232,2
12686,4
3126,4
11135,4
5175,2
21560,4
509,2
5854,4
15153,0
3359,2
6890,2
3895,0
20793,2
15704,0
20148,4
15970,3
3824,3
9589,1
6283,2
16730,3
7619,3
1706,2
20400,1
18112,5
18702,5
14683,2
12765,3
19580,0
9177,3
10914,5
6911,3
3389,1
14335,0
4927,2
10009,3
5564,2
2177,1
13164,0
10512,2
4561,1
14928,1
7061,5
3426,4
12290,2
10295,3
10913,4
9587,0
13747,2
7230,2
5958,4
20043,5
8998,2
14605,1
4706,4
8031,0
18256,1
6829,5
17599,2
9771,1
14093,4
19716,5
21584,2
16809,3
20921,5
10846,1
18279,2
10670,3
14051,0
13003,5
8192,4
8894,3
18732,5
10664,3
18574,3
9597,3
5537,0
10549,4
15290,4
17092,0
17631,2
5759,0
11477,0
15975,4
9133,0
17839,2
8147,5
15367,2
21487,3
5451,4
644,3
2693,3
19747,1
3764,5
18971,0
19468,4
14556,2
17547,1
7721,1
6735,1
17610,3
5727,0
19843,4
19384,4
8362,3
22176,2
14475,2
4143,0
12832,0
3024,4
13259,0
21425,3
4425,2
4585,2
20230,1
6987,3
1569,1
17721,4
9282,1
11233,3
5490,5
2250,0
11598,1
10526,2
12903,0
281,0
16152,5
12481,1
5000,1
5419,0
15061,5
13099,3
12096,2
4035,2
2043,2
3212,4
2702,3
19101,4
14676,1
6970,5
18657,3
3415,3
21369,4
20850,3
7031,3
2855,3
19345,4
15535,2
8921,1
3115,3
9840,4
14703,0
14590,3
18366,2
14514,4
10235,3
15206,3
15961,4
1144,4
16028,0
5579,0
8987,1
13063,3
5426,1
15225,2
16312,3
15558,2
2005,4
9142,1
3848,1
1801,0
11695,1
6323,0
10057,0
12797,3
17595,3
17147,1
10942,3
15909,1
21636,3
15707,4
20477,3
14369,3
13510,1
14483,2
17402,2
118,3
22375,2
15896,4
15864,1
19019,4
10566,3
5693,5
19736,5
17630,1
14381,4
6199,1
10126,2
18052,1
6986,0
20490,2
8229,5
13316,2
9937,2
7087,3
15388,2
10411,1
5885,3
19159,4
19532,5
17715,2
19758,0
14076,5
18311,2
4401,1
12853,2
4038,1
8819,4
17251,4
20421,0
21957,2
16402,2
21241,0
6450,1
7444,0
13314,3
15925,0
9455,1
1450,1
4126,0
7164,5
16643,5
14541,4
5767,1
2975,3
8051,3
13870,5
11977,0
15275,2
14102,1
13732,1
13978,2
5266,1
8608,1
20286,0
338,3
16242,5
18707,1
891,2
7214,2
10655,3
20758,3
10636,4
20443,2
2387,4
5505,3
2289,3
2254,0
21774,2
21000,2
8746,5
7078,3
8702,5
14509,2
17076,0
3540,1
5327,0
12674,3
17154,0
2400,2
20578,2
7807,3
5484,5
19068,2
4656,3
13030,3
22224,3
5760,0
2205,4
19357,3
12944,3
4809,5
4450,4
9994,1
4666,0
8546,5
18437,4
2945,2
10542,3
8028,0
3643,3
19575,3
16648,2
13923,5
15358,2
20478,3
2350,4
18278,0
19518,5
17265,3
18938,0
8131,0
1970,1
18300,4
11698,3
13667,2
19370,1
3826,2
5471,0
14379,3
13572,1
16565,1
7339,0
21168,1
19676,5
13499,5
11239,3
11831,3
10041,2
12108,2
9786,5
3685,2
18110,0
3352,0
3127,4
13659,3
16953,4
2342,2
10775,4
4153,1
2776,3
12552,1
2262,3
7495,0
13171,5
19487,2
13303,2
22313,3
18197,2
1796,2
6177,4
17485,3
10856,3
10482,3
10181,2
19307,1
14710,0
4862,2
9078,1
460,1
13048,3
4473,1
1964,3
1773,4
15616,5
7788,3
5613,4
2864,4
885,0
13126,3
16093,3
4559,1
9725,1
20679,0
5090,0
7583,4
22242,1
3662,3
8056,3
6906,5
12428,3
14288,2
9512,1
18201,4
20325,2
855,2
15604,3
13909,3
17918,0
16043,2
13741,1
2339,2
157,3
3512,2
12895,1
6179,3
15982,2
16076,0
8959,0
6164,3
21275,3
13826,2
7950,4
10085,1
15904,2
13648,0
9147,2
5956,2
1937,3
13897,4
20665,0
3061,2
10722,4
9185,1
5920,5
15209,4
4587,3
18722,3
11643,3
15381,1
10000,2
6851,2
12683,2
13709,4
16945,5
8781,5
18484,0
18536,4
6195,0
7866,4
5371,0
967,1
10138,4
5792,3
3736,0
15638,3
7667,3
19724,5
14638,0
21229,4
11728,2
9197,2
15401,3
770,5
9403,5
10835,4
6042,1
11830,2
16935,5
1670,3
20149,1
3338,1
2063,3
20213,3
22058,5
6487,4
12855,1
18534,3
1984,1
22343,1
5592,4
5331,2
9895,3
2580,3
15432,2
2959,4
593,3
13948,3
12379,1
16140,5
5747,3
4230,2
2588,4
10895,4
14697,0
7445,5
1426,2
17539,0
15032,3
13018,3
10486,0
11468,3
17903,3
3408,1
22312,2
10189,3
20166,3
22274,1
3371,2
3293,4
5326,0
16229,3
11967,0
4671,3
21417,3
10257,2
14755,4
19601,3
13042,2
3421,1
3184,4
20228,0
21057,3
10127,4
18097,1
6151,1
8616,2
8168,3
1357,0
6264,4
18956,3
20634,2
11898,0
2398,5
12531,1
11689,5
14767,1
409,1
13363,4
10043,5
18560,3
9955,1
8197,3
21036,4
13901,2
17320,0
8245,3
4465,0
20328,1
13273,3
20905,2
4072,1
21845,3
2431,0
11633,1
782,2
8261,3
10574,1
6754,1
9944,1
12266,2
17952,1
8420,1
18815,4
14167,1
17471,0
11093,5
4311,2
6980,2
3377,1
17625,0
7338,1
15953,5
12784,1
21047,1
3406,1
11325,1
22197,2
6531,4
19960,5
13963,2
2213,4
9292,2
11974,1
2631,3
2748,2
5504,0
724,2
10987,3
475,4
22275,2
6146,1
8312,5
17922,2
150,0
1033,2
17869,1
5840,0
4748,2
3190,1
5430,4
11211,4
19491,5
4693,2
16737,5
10117,3
16361,0
16371,5
15792,2
914,3
18962,4
5338,3
19681,4
4313,0
4708,0
18689,5
15611,3
20444,1
19818,3
18528,0
17999,2
13616,1
22227,4
17339,5
3322,1
3688,0
5673,3
21976,4
11635,0
9350,5
497,3
5383,2
22332,2
8396,5
14868,3
11367,1
15710,3
7854,2
14848,4
14271,2
14878,2
15189,0
20643,3
19247,5
13278,2
8551,5
4369,3
16569,3
6668,2
18836,3
13209,1
20987,2
3658,1
2276,2
6117,1
18161,1
19297,3
20300,3
1922,2
3983,4
17815,1
14566,5
18140,1
21027,0
5835,5
11850,2
6991,2
16079,2
3797,0
7604,3
21511,1
13940,4
16972,3
2470,0
18540,1
19336,3
5091,5
15733,5
17355,3
2482,2
3724,3
7229,1
5192,5
6034,5
10909,5
10930,5
22131,2
13420,3
14610,0
12967,3
4027,4
8818,1
19680,5
14618,1
16048,4
7865,5
1008,1
7500,4
4017,3
6157,3
19932,1
19920,0
13046,3
11335,1
16359,5
1839,0
3667,2
4082,1
12590,3
6808,3
7196,1
15413,5
2901,5
15190,2
15494,1
8278,3
6873,0
9255,2
8543,3
17371,4
5881,2
10688,4
14645,1
9581,3
14246,3
2887,5
6039,1
3086,1
5985,3
9660,0
17367,0
20657,3
3595,4
10845,1
6559,0
4746,1
6114,1
4375,0
17229,2
10821,5
18680,4
6816,2
3125,1
13937,2
9175,3
20156,1
2792,1
1403,1
20583,1
10633,1
15948,3
4110,2
19632,1
11230,0
12619,5
11535,3
4813,3
16576,1
13244,0
1410,2
4758,0
9303,3
2508,4
16927,5
21175,5
5325,3
3221,3
12825,3
14112,2
1285,0
13566,3
18352,3
11653,2
22032,3
2666,3
17018,4
15485,5
15192,0
2687,4
4079,2
15276,4
17498,5
6072,3
21751,2
16332,4
20598,4
5508,4
16842,3
20448,2
15901,4
18238,4
15927,1
17938,0
11945,4
15046,2
9480,3
6,0
20197,2
2323,5
4943,0
5550,5
10314,2
10156,3
8667,3
7679,0
20066,4
9562,1
12155,1
9755,3
5574,3
10742,1
19780,3
240,1
12210,3
9237,3
18164,0
850,1
10626,4
9405,4
5052,3
9717,1
8925,2
8122,1
1302,0
17806,0
16620,5
12608,4
7614,3
20494,1
6528,3
11536,3
16874,3
1933,2
541,3
16130,3
22209,3
1858,5
13275,4
12000,2
2083,2
14109,1
10685,3
9206,1
21788,3
19330,2
3153,3
292,1
7172,1
17016,2
9342,5
18516,4
10921,5
8942,0
17604,2
13612,4
14844,3
13016,3
5830,0
11802,2
6672,2
7819,5
4300,3
2954,4
11149,4
22144,3
4590,2
8993,4
10079,4
17015,5
15426,4
1275,0
10853,2
15512,2
21973,5
15750,5
7972,0
10897,4
5856,5
12224,3
16311,1
6064,1
2395,4
2371,3
14787,1
16889,4
10716,4
843,0
15392,0
7823,0
4682,0
4154,4
1145,2
2136,2
4900,4
924,2
417,2
20998,0
13846,3
9948,0
11435,2
4251,1
20664,0
15469,5
16167,2
14837,0
827,3
3698,4
8843,4
14743,4
12375,3
11033,3
7361,3
17699,3
17949,0
15763,0
3532,0
16997,5
19946,0
11714,3
14283,4
21449,3
14336,0
3968,3
3449,1
21668,2
7925,0
18791,2
19397,3
11688,5
20859,2
658,2
10432,1
11049,3
9992,3
18826,4
1751,1
18099,3
13386,5
17356,3
21405,5
21948,0
10153,3
13268,5
13570,4
15071,5
7895,0
20021,4
17797,3
15890,0
14897,1
14524,2
21161,3
1447,2
14471,2
7742,1
2035,2
8425,3
21109,2
21968,5
14996,1
3738,1
21077,5
20090,0
3846,3
3077,4
857,0
21191,0
11820,1
19809,1
5398,3
18515,3
18244,0
21907,1
4941,4
1710,1
8392,5
6592,2
12582,3
13888,5
13143,1
14279,3
3780,4
350,0
19867,2
7305,2
8373,5
18580,1
17733,4
5457,3
2242,2
20014,1
2236,3
11013,4
20858,4
9236,0
12831,2
21958,5
18182,1
4852,3
4755,3
12524,3
10023,4
18120,4
1633,3
18109,3
9612,2
8091,0
21172,0
5189,5
1203,4
6821,0
6752,2
20388,5
3610,3
3316,1
8624,3
6360,0
8567,4
11394,5
12063,2
3261,5
20862,3
14023,5
3704,0
3678,1
15394,4
3556,2
22324,2
12926,0
16058,3
10329,2
22196,2
14434,5
15370,1
1893,1
5288,3
11371,2
13756,0
2533,3
15075,4
12680,4
1465,3
19672,2
17218,2
3432,5
21497,2
11663,4
3011,4
11995,3
9420,2
2784,3
11402,1
14490,2
9531,4
5286,3
10678,1
7376,0
13938,3
6926,1
19898,5
2846,0
8503,4
17648,3
15942,2
7948,3
1754,1
17487,1
22289,0
1547,2
21233,3
7534,1
14797,3
7936,0
18664,2
21008,1
1211,3
16224,1
8438,4
7731,3
6222,1
10819,5
1487,1
6349,2
19438,2
8467,4
5576,3
14428,0
1424,1
2603,3
13248,5
9798,2
12556,3
22016,3
6642,0
13687,5
661,4
14811,0
22066,3
3677,0
1949,0
158,0
19764,4
11936,2
122,3
21842,1
8886,0
16647,1
6281,3
22097,3
15128,2
21297,1
11347,4
16258,4
20743,5
19351,5
21002,1
10111,3
9012,0
98,0
17921,3
17275,2
7537,3
8442,5
11909,0
16721,3
731,0
7655,1
9599,1
9496,4
20171,3
8049,3
17636,0
12136,1
18281,1
4624,4
19907,5
20760,1
400,2
10366,0
14723,4
2871,3
20189,3
9637,0
9254,3
8181,0
13181,3
2608,0
13057,4
2757,2
7827,2
19567,3
5101,4
14103,0
5010,3
11320,2
6739,4
19523,2
14399,2
7816,5
8907,4
15768,2
5984,4
6939,2
17357,2
20246,3
22127,5
4875,2
11206,4
18712,5
5642,5
10829,5
72,2
12500,4
1509,0
19791,5
19208,1
12423,2
17981,0
12900,3
18181,2
16883,3
204,2
11614,5
19385,5
15654,0
1352,3
14026,5
7676,5
18103,3
22130,5
21813,5
19054,2
3872,2
8041,0
4044,3
1648,4
15265,2
20130,3
1448,2
780,1
10493,4
12915,2
11833,3
2873,4
8411,5
9936,2
6294,2
22174,3
12162,2
1997,3
11423,0
5075,3
1945,0
10781,1
9837,1
19891,5
14094,2
10839,3
17933,2
6220,3
9619,4
288,1
3272,4
5982,5
1038,3
2452,3
11503,0
14156,1
21814,3
11110,3
13930,5
4076,1
9857,4
7613,2
5819,0
817,1
18768,1
17032,5
6087,1
14373,2
425,2
16632,3
10732,1
21916,1
4652,3
9377,3
18903,4
6966,2
11713,0
8272,0
548,3
685,5
11518,3
13789,4
7524,2
3560,0
20194,1
20391,2
9259,4
17716,3
6839,2
4672,0
4094,2
1832,1
16500,5
5073,0
10883,2
13023,1
1905,2
2497,3
8285,2
18114,3
2515,3
7744,2
11196,5
16180,1
8177,4
8776,5
8228,1
20071,2
14004,5
12767,1
18843,3
8863,0
7525,5
14118,1
10313,5
3284,1
10804,3
9246,2
5968,0
9338,2
1681,1
17849,1
12991,3
20044,0
19536,3
9818,3
15056,3
10460,3
17207,4
8133,2
7007,2
18343,2
21199,5
19423,1
14914,4
16304,4
7766,1
5476,4
12999,1
7907,3
18169,2
16969,5
11565,2
11030,5
22034,5
2439,4
17698,3
17041,4
17726,5
886,1
9046,2
14395,4
485,0
20434,2
11162,0
19018,4
3357,1
1221,3
9340,0
6898,0
12555,2
18455,4
18987,5
20712,1
20925,0
6158,1
1387,0
117,0
8743,5
16259,5
14057,1
15033,5
16998,4
2303,3
5129,3
1996,2
14318,3
9067,1
6408,2
19489,1
19211,3
6155,2
18136,3
11300,0
2092,1
9478,0
17930,3
3874,2
10007,3
3175,4
19216,5
12478,3
347,4
8900,2
9778,3
16514,3
3096,2
13626,3
21249,5
10625,3
8394,3
8614,4
3412,3
16198,2
12054,1
6660,2
3755,1
3947,3
21493,3
11165,4
8212,3
20040,1
20781,0
15268,0
20622,3
21088,5
14936,2
9266,3
19167,2
12186,3
12184,1
20173,2
16476,2
5972,2
19703,4
12152,3
13699,5
9933,3
4430,2
18658,1
248,3
18503,4
15608,0
19841,1
3118,2
5080,4
12326,2
3579,3
6883,0
20182,1
5820,4
6772,4
13565,5
8720,0
15613,2
32,3
7641,3
5171,5
3447,0
11702,4
20899,3
5516,3
1428,2
14170,1
18829,5
14116,2
4416,4
10349,2
7960,3
7312,0
4797,5
13485,5
2914,4
1646,2
10152,1
20347,0
21952,3
12742,3
1294,0
21039,5
18259,1
444,2
7645,3
2907,3
15147,4
909,3
11782,0
20010,1
15173,3
4647,5
9269,0
12197,4
9650,2
2016,1
7713,4
8294,2
6271,1
16186,4
64,2
1943,4
2811,3
10721,1
18582,3
18407,2
7979,3
5914,5
19483,3
21437,5
10341,3
15408,2
22326,0
14398,5
20880,4
1794,3
15592,1
10254,3
9153,0
10888,2
8860,4
12315,3
13954,5
8431,4
10937,2
9201,0
7660,2
3507,3
12522,0
18199,4
22386,4
19048,4
14518,0
12426,2
16326,3
15224,0
20114,1
6018,5
11546,5
1337,2
1341,0
19331,3
9640,1
14584,2
10477,4
3123,5
12910,3
17755,4
18855,3
15017,1
10450,4
11504,5
18916,2
14274,1
12887,3
17891,4
11623,1
19980,3
14138,3
11591,2
4497,2
4106,4
1686,3
19905,3
21993,5
19954,0
13037,3
7236,4
18327,0
3393,3
16547,5
7749,1
4963,2
6868,2
2996,2
2434,2
22382,2
14163,0
11138,3
9182,1
15579,4
19609,5
3358,1
2292,3
21972,5
12698,4
18263,2
15305,0
10390,4
758,2
4052,2
6870,2
5821,3
4971,0
4161,1
432,0
15405,5
17077,3
3239,3
2594,5
12032,0
10468,1
8618,3
17372,1
14994,2
16616,3
17724,3
18092,3
20003,2
9044,0
8814,4
3976,2
21945,2
18900,2
8240,3
10317,3
1456,3
21182,1
7138,0
6794,4
12061,3
8511,5
12431,2
13533,4
12377,4
20460,1
19278,1
8250,3
8005,5
5494,5
2903,5
17632,3
16933,2
9207,3
3842,2
6332,0
17142,0
11147,3
7567,0
16885,5
13172,2
19737,5
9162,2
18453,2
18020,1
20088,3
6492,4
14129,4
20700,3
2621,1
8873,4
9218,3
3324,3
8549,4
21835,3
18863,5
18135,1
7398,3
7685,3
14250,1
5879,1
22195,5
1258,2
5858,1
14768,0
21345,5
8189,3
17974,1
22152,3
20529,0
13731,3
7208,1
11585,4
8328,0
20774,0
17646,2
562,4
1809,3
18266,3
5942,5
16004,3
17851,2
16483,5
406,3
15289,3
16219,5
21245,2
8858,3
16201,5
20550,1
15615,3
22068,0
14820,2
19903,3
10437,3
1914,2
6534,1
2415,3
2803,5
18685,2
18469,2
11351,2
8331,0
17094,5
17834,4
14967,0
17643,2
3356,3
12601,0
3154,5
16029,3
22367,1
8615,5
2408,4
11682,4
14059,1
7151,3
17954,3
1665,3
5355,2
10368,4
10474,1
4591,0
9690,3
17182,1
18069,4
1072,3
1734,3
17513,2
21846,5
15827,2
3790,0
317,5
10215,3
5666,2
3513,0
19667,5
7575,5
9981,2
7478,3
2547,2
20847,1
14841,4
12202,1
19398,5
13656,3
14845,0
11708,4
16241,5
10579,4
21305,4
18252,4
15962,3
18468,1
11344,4
18555,5
1177,0
7121,3
15330,4
19311,5
20792,3
20065,2
13637,0
13424,1
17398,3
5756,0
21639,1
2297,3
15813,5
1585,0
5726,2
20690,2
14482,1
4522,4
8570,2
6820,3
21443,4
8469,2
10903,5
3697,0
22010,4
10119,1
18819,5
9966,3
18188,3
14458,0
6560,1
21783,1
651,5
21801,5
16055,3
19028,1
10042,3
19740,5
19927,5
10617,2
22021,3
13423,3
20441,0
20817,3
19454,1
8247,5
3980,5
1498,0
13297,3
6667,2
19832,5
18334,4
7331,2
11877,0
18122,1
14380,2
8443,4
7239,0
2805,4
21806,5
1940,2
20322,0
2462,4
3065,3
3273,2
13441,2
19873,2
13222,2
11659,3
530,5
1449,3
6747,3
19598,4
14902,4
3734,5
22352,3
19202,3
1356,1
15798,3
11035,4
15802,4
19521,3
11905,0
3541,1
20081,5
4407,1
3385,1
15118,4
16184,4
6441,1
18510,2
15859,2
15346,2
5495,3
13438,3
11697,3
14147,0
1815,3
20991,2
2039,5
5131,4
16801,4
2891,3
10372,4
10345,3
14764,2
18851,2
13480,5
2698,3
7642,1
20994,3
18292,2
7978,5
10902,2
8750,3
557,1
19277,5
16195,5
20777,1
9815,3
10065,5
17383,4
8030,3
2420,3
9360,3
11902,1
14874,3
7796,2
13847,3
8208,1
2782,1
18748,2
14754,0
18629,2
16880,2
20165,0
4460,0
10146,3
6392,1
18524,1
15112,1
8861,3
12677,5
8213,5
11484,0
20763,1
16733,2
15478,4
14045,2
13958,5
14941,2
1907,2
16719,2
1427,3
11329,1
3342,4
18399,4
12022,1
16911,3
12052,4
16825,3
7526,0
4183,4
17884,3
21254,2
6385,0
21568,3
12267,0
8658,3
17557,1
7918,3
20392,2
17181,3
15108,3
3052,3
20457,3
16823,5
12354,3
11998,4
5781,0
10360,1
22193,3
378,0
9323,2
19936,3
7470,4
5521,0
12348,3
7661,3
10952,4
16291,5
14136,2
8633,4
17009,5
1598,0
10051,2
17935,3
16557,5
8971,3
3598,3
20336,1
13720,5
12736,1
18635,5
9398,0
1712,2
9248,1
16524,5
13993,3
6212,1
18175,1
9120,1
14055,2
4070,1
10946,3
907,5
14007,3
8095,3
20772,3
18631,3
2561,0
21989,5
13896,4
18450,4
4910,4
14612,2
5130,2
1658,3
17907,1
14060,5
8026,1
15789,2
15328,2
1795,2
4440,2
12692,5
20680,1
20204,3
21876,3
21932,2
15534,3
2761,3
14833,4
6044,2
12932,5
15043,3
4795,3
9194,2
24,2
12676,2
4338,1
11015,5
17244,1
18415,1
1607,2
7915,0
20691,4
1235,1
8529,3
14180,1
20505,3
15559,3
3951,1
11841,0
14513,5
3287,2
11719,3
6872,3
1514,3
15642,1
18660,4
12980,3
1950,5
13750,0
16942,4
5805,2
1382,0
10826,5
6917,2
3791,0
10796,0
13065,3
21082,1
11729,5
9737,3
2004,3
19435,5
16325,3
5083,4
1788,2
18982,2
683,3
4386,1
6682,3
3804,0
5931,1
2437,0
19108,4
20617,0
3621,3
11636,0
7835,2
2313,0
4422,4
15689,5
16358,1
7265,2
20273,5
17665,3
20737,5
5768,3
6591,0
17222,0
13365,3
10573,2
17117,0
13977,3
17660,3
3500,3
11810,2
3195,4
20778,1
3318,1
66,4
8086,5
20560,1
7176,4
4215,1
13341,0
20981,2
5561,5
16626,2
3550,1
17546,2
363,4
14430,3
18432,4
9987,3
9300,5
11298,2
16289,3
1259,3
19459,2
15530,3
9735,5
5627,2
2538,3
9268,4
21805,3
11717,3
17558,3
2153,3
19002,5
7288,0
8125,3
15151,2
18693,4
20965,2
4288,5
18389,4
19732,5
1490,1
3969,2
16394,5
7561,3
3548,4
14551,3
740,2
14390,4
12550,1
11374,3
4033,0
8487,3
4982,0
387,3
6457,1
15327,0
18474,1
18118,2
17666,2
10401,3
22075,3
3603,2
8244,5
2133,4
9783,1
19733,2
36,0
17479,4
18825,3
22229,4
5583,2
3416,1
13306,3
522,3
11419,2
7302,1
8301,5
20430,2
12451,3
17159,2
4447,0
22291,3
1118,2
2180,3
16906,4
20350,3
7757,3
19436,4
13045,0
13381,2
16980,3
11978,2
4280,2
16987,4
4533,5
21843,2
4557,2
13876,1
16629,2
19492,5
17280,1
22134,2
16489,3
20893,1
10881,5
7714,3
4124,0
13743,1
19401,5
15740,1
20074,3
86,1
19425,3
3722,3
4252,2
2883,2
13192,2
1288,2
11827,1
9559,2
15393,0
16924,2
20410,2
7805,3
11008,5
12174,0
19464,5
5556,1
4089,1
4330,2
21891,5
17236,0
8059,0
15191,0
13071,4
8042,3
670,2
13257,4
11088,2
1455,2
20359,2
1639,3
9697,1
2634,4
15177,2
9727,1
3850,0
7466,0
3745,2
15928,0
2597,3
12170,3
2065,4
7081,5
18264,5
3301,2
8880,3
1376,3
384,0
19763,5
3923,3
1433,2
9705,1
17240,3
10969,5
21594,5
4646,3
9231,0
10452,3
21569,4
12661,4
6241,1
11163,4
6125,2
6173,1
11401,1
2987,5
12637,3
594,4
10730,2
16700,2
5166,2
4662,2
10674,2
19244,3
1530,2
3472,3
5001,3
4123,0
20210,3
10601,3
18538,2
20577,5
13327,0
16306,1
1643,4
8008,0
14624,4
7904,3
9676,2
12494,1
12309,3
5967,3
1535,3
13477,4
10965,4
14302,0
726,3
20083,1
18177,4
5921,3
5093,2
4505,3
5531,2
18225,3
19501,3
1519,4
12635,1
14965,0
8297,0
12390,0
446,3
1663,4
2615,5
20985,4
22381,2
435,4
2268,2
14128,4
1059,0
9108,4
4800,2
15361,1
13878,5
20005,2
6603,3
10524,3
14720,4
21312,3
2315,0
8522,3
14376,3
15538,3
14234,0
17190,1
3044,3
21356,3
18530,3
14583,5
21693,0
7135,3
16301,1
7546,0
5832,3
8999,2
12406,4
4297,0
14212,5
20383,2
13712,5
9720,3
15944,3
10830,5
19757,5
21471,5
12735,4
6085,1
796,3
5811,0
5186,3
18509,5
4073,1
552,1
3446,2
1714,1
10844,5
2131,1
6726,1
18483,1
4446,1
1162,1
4940,4
14817,0
18168,0
702,1
12888,4
1728,3
2011,1
19754,5
8127,3
9086,3
20056,3
226,4
14442,3
13318,5
21796,4
637,3
753,1
20950,3
10303,2
12414,0
19516,3
1884,2
18048,2
12842,2
7351,2
19594,0
18626,5
2429,2
16307,5
11105,3
3943,2
19177,1
15972,4
7501,4
16286,5
20412,5
21162,2
4075,3
1398,1
13002,3
4955,5
8958,1
3345,2
5412,5
2045,0
3844,1
21632,5
20521,1
8495,4
17910,1
5464,3
17707,3
9440,1
18858,4
14314,3
506,5
7547,2
15277,0
21381,5
14266,1
19901,3
11118,5
3223,4
1669,3
5514,3
22115,3
11806,3
246,3
9784,4
12885,2
7860,2
15514,3
78,2
9471,2
3907,1
8071,1
18523,2
9609,2
19880,4
225,2
19217,5
18708,2
15223,1
20795,1
18039,1
6080,4
13548,3
21335,5
2090,4
21844,5
11310,3
18694,2
5486,3
3960,1
20844,3
16775,3
9367,1
1878,1
18042,1
6488,1
12387,0
19000,2
3038,5
7544,1
20815,4
13624,5
22346,1
691,4
11612,4
11990,3
17151,1
15069,0
14002,3
11277,2
17515,3
15590,2
17772,3
3592,1
17657,0
12220,1
4766,4
111,1
21686,3
20509,2
20708,2
20951,0
15207,4
22359,3
7778,3
11161,4
21349,2
15805,4
5059,3
1568,1
21673,5
6228,1
13401,2
20203,1
10958,5
16328,5
12697,2
9276,2
4150,3
6438,0
8336,3
9090,1
10255,4
4686,3
2117,2
2464,4
19264,5
17429,2
1527,2
13874,5
16432,1
1191,3
5330,5
18239,3
17483,3
18377,3
8219,4
21878,5
4276,3
5551,0
9694,2
14036,2
13854,2
11483,1
4119,2
20982,2
20411,1
15658,1
2044,0
887,2
14989,2
19455,1
22213,0
19985,3
18749,1
13971,3
20037,1
19301,2
16517,4
13328,1
433,0
131,2
18590,4
19971,5
4799,1
4305,4
10919,4
7083,3
18154,2
5301,2
7038,0
21589,3
17895,4
7426,0
9251,4
8741,4
11029,0
15683,2
10238,2
3904,1
9938,1
16039,5
9249,0
11772,1
3146,1
13433,2
6813,0
10696,5
19046,5
972,4
1499,3
9096,0
8892,4
21975,3
8879,0
9887,0
19186,4
1874,2
16262,5
16236,2
12894,0
4949,2
17538,1
20832,5
8651,5
13736,5
2003,1
10936,3
3965,2
8871,5
22189,5
2923,4
12795,3
8236,4
16965,4
15083,3
123,1
12001,2
16393,5
2059,2
14326,0
15152,3
3395,2
10503,2
8410,2
18740,3
22133,3
10956,5
12862,4
14349,4
4121,1
10048,2
20055,1
20047,0
537,2
21765,3
743,3
1935,2
5903,5
8045,0
7825,2
13603,1
13340,3
5746,3
13594,5
922,2
17759,1
7336,3
8108,2
13148,3
3168,2
153,1
18883,4
7554,1
7467,1
21395,3
15591,0
10459,3
7964,3
17324,3
6350,4
1117,2
14352,1
14528,3
12957,3
11012,3
1208,1
8845,2
1813,3
2160,5
68,3
19124,5
20913,5
16740,2
4973,5
22389,3
17369,5
21737,5
19387,3
6857,2
10013,4
1860,4
4937,5
7793,0
700,1
12653,5
17120,2
3094,5
21476,5
9432,1
4388,1
4296,2
3492,4
7549,0
14901,2
6918,0
4492,4
17565,3
20726,1
22345,2
19340,3
6029,5
12196,0
3450,3
13889,5
880,0
3353,3
19166,2
12420,0
21246,0
6818,0
5812,3
17184,1
4498,1
15565,1
10221,2
7568,3
1230,0
8034,4
19105,3
17111,4
6440,2
13902,1
9485,3
11747,2
3386,4
542,3
13028,2
7897,0
21881,2
11982,3
15951,2
5786,3
9978,2
14295,4
14929,0
4417,3
5085,5
286,2
5162,0
798,0
22064,2
6799,0
8757,3
3488,0
22226,5
8176,0
3886,2
15746,2
2174,3
9844,3
3145,3
2369,0
5043,3
2918,4
19349,3
576,1
9546,0
9527,2
18382,2
17614,0
11091,4
1650,0
9065,1
2419,2
16898,4
4669,4
392,0
10140,5
12062,1
318,4
17470,2
2927,3
2334,3
3527,0
7574,3
6535,2
22308,1
5587,0
17966,2
18554,4
8926,2
5049,0
18078,1
22325,0
1413,2
12378,0
12542,0
9506,1
5949,5
9851,2
4560,2
3605,3
11258,2
11690,5
14339,4
19850,0
18955,4
20651,2
6501,3
8449,3
6056,1
20666,2
22063,4
4092,2
16497,0
14788,2
5304,5
11493,1
19142,3
10624,4
11316,0
5536,2
2218,0
4343,0
18404,5
3648,1
6913,0
3040,5
8058,4
20243,2
7231,2
4520,1
16034,3
1122,1
3382,2
14637,2
11590,3
4882,5
17026,2
1903,5
17647,4
6943,1
10541,2
10279,3
19099,3
3587,0
11696,3
12679,4
15732,0
6462,0
22241,2
22013,3
5790,4
20939,2
19795,4
20449,1
9315,2
5040,1
10293,2
20618,1
220,0
12701,2
14752,0
14370,3
9528,2
10027,0
6339,4
16554,2
18872,1
3636,1
12958,5
22413,2
10627,4
17278,2
15801,1
15898,4
7754,3
12681,0
4307,5
13274,5
13518,2
20957,2
19654,5
5584,2
19091,2
6576,0
17141,2
15347,1
20112,1
3069,3
17350,5
18439,5
19227,1
16538,3
18148,1
10805,5
16900,2
8279,3
15495,0
1014,1
16854,4
413,4
22077,3
3046,4
664,5
22358,5
18055,2
8809,4
11018,5
11735,0
13602,3
9421,3
17499,3
826,3
5062,0
18204,1
76,1
8815,5
2980,2
3329,4
18603,1
8085,5
16804,4
18928,5
13461,1
10063,5
17992,1
14760,2
14869,1
5606,5
7996,5
25,3
2619,5
10246,2
12248,2
7775,5
19590,2
4571,4
3620,1
331,1
9975,2
12002,3
17258,1
21387,0
19499,5
21123,1
6848,2
11460,0
13674,5
10983,3
4920,4
2021,5
103,1
16246,5
18834,3
13221,0
11269,0
17216,3
8697,3
9357,1
6708,5
1822,2
6137,2
21372,0
8033,0
18379,4
9034,1
18350,0
11755,5
12128,0
19531,5
3207,3
17469,2
4782,3
17298,4
20742,1
17871,3
16789,5
8888,4
8161,5
2551,1
17433,2
10907,5
5509,1
2652,3
21279,0
13760,5
15845,4
10275,4
11487,4
8712,4
16239,4
14407,0
12905,2
9428,4
20357,0
7903,0
7013,4
15585,0
11046,3
12912,1
14287,2
10772,3
11221,2
4534,4
5876,5
13139,2
3885,0
17024,5
17787,1
15200,4
17813,2
21032,0
11954,0
7697,4
11207,3
13267,3
8092,2
19844,5
2107,4
10194,5
17645,3
6935,2
14153,2
11202,3
15531,2
16475,0
258,0
7911,5
3680,2
2321,3
21467,1
8361,3
3489,0
18615,1
6192,3
8626,2
7507,3
4678,4
19547,4
17545,2
10241,3
14668,3
7967,4
19322,4
17259,4
6411,3
90,2
3218,3
18773,3
19034,5
13894,4
224,1
5032,1
12343,2
11395,4
3256,3
21291,4
1928,3
12702,1
4271,4
12613,3
5950,0
14092,5
12027,0
18075,5
1512,0
15308,1
1251,3
12749,3
5322,2
17451,3
3419,2
10296,1
1046,5
9139,2
457,3
20406,2
819,4
7499,2
8040,1
12272,1
806,2
10788,4
13742,5
2788,0
3827,2
3673,0
17055,2
18790,5
11360,2
22216,3
5310,3
13021,5
9628,2
15137,0
13271,0
13468,5
20746,2
16120,3
193,1
7914,2
13692,3
9601,0
17467,2
22348,3
12037,3
8649,0
15271,2
1276,2
15012,3
4144,0
6495,0
4428,0
6379,2
15858,3
11242,0
19851,2
22168,5
20186,5
15208,4
10533,3
5542,0
21903,5
4194,0
2587,5
9504,3
11869,1
12998,3
20599,1
16449,1
2152,2
21616,3
13868,2
20902,3
2341,4
9305,0
1774,0
11153,2
21202,4
5590,5
20568,4
7582,1
7669,4
5007,0
15337,1
17782,3
11174,4
9042,3
11362,1
14074,4
18639,1
11436,2
15518,2
1123,1
20233,2
9215,3
17205,2
18464,1
10780,5
9445,1
16932,1
1865,0
1994,0
7572,5
5597,2
15482,3
21779,3
8592,4
2895,5
17189,1
20104,4
6930,1
3225,5
502,3
7432,2
3528,0
2360,3
12772,5
3477,3
4547,4
22309,1
13853,5
19444,3
16615,4
941,3
10923,5
11006,2
14522,3
7471,3
3405,5
1238,1
14660,2
2755,4
12471,3
21870,4
19246,5
9124,3
21987,5
16482,3
975,1
12282,0
18769,3
2272,2
10047,3
14798,4
18383,1
19828,2
8682,2
18326,0
1783,0
8357,4
16666,2
12198,4
15161,4
17920,0
13751,5
17158,0
4098,0
8190,2
4235,0
14327,3
14545,1
9138,2
21872,3
793,1
13875,5
7434,3
12721,4
2678,5
17664,0
12410,0
4318,2
13953,2
7094,3
16202,4
778,4
6320,0
18705,1
7644,4
1060,2
15293,4
5961,5
1309,4
5834,4
15533,2
6874,2
18805,2
17683,2
15419,5
10927,2
7862,0
18287,1
5264,4
4566,4
8784,3
2684,4
13156,3
16223,3
18544,2
5716,0
11625,1
4410,0
15427,1
5146,5
14622,1
16135,3
5871,4
1500,2
2553,3
1320,2
21151,0
6636,0
5878,4
16530,3
11828,0
10939,5
14027,5
7820,3
5729,5
1163,0
8130,3
21167,3
10256,3
10785,3
20133,1
10412,1
642,3
2514,3
21119,4
19334,3
12384,2
14735,2
9166,0
12159,2
11040,2
3266,3
3901,1
6022,0
8780,0
17093,1
15699,2
7197,3
12703,2
9291,2
8360,5
8850,1
2717,0
14781,0
16426,3
22228,5
19852,5
19386,4
8505,0
17754,0
14249,2
14713,3
650,3
1339,4
15353,1
4518,1
9364,4
19282,2
2023,5
7786,2
16833,3
4020,2
14920,0
13174,5
8324,4
13253,4
102,2
7833,4
18589,1
9669,0
16161,2
17214,2
1810,2
2633,5
9020,3
7729,0
17354,2
13193,3
20145,2
3638,3
7079,4
356,4
13456,0
5778,0
2511,3
17584,5
22135,2
11602,3
11762,3
21715,0
10413,1
3542,1
3539,1
710,1
11560,4
13740,2
19728,2
20559,2
21623,5
9537,3
9502,0
11041,5
1390,1
18108,3
4197,3
1067,2
6775,1
21397,3
19104,2
7316,0
14282,2
12325,1
17118,3
1419,2
14932,0
13877,5
19657,5
13914,3
8367,0
6340,0
15454,0
15473,0
2006,2
524,3
156,0
13835,3
8833,4
17286,4
3443,1
6840,1
16068,3
3530,0
17418,3
17512,3
22164,3
603,1
5344,1
21744,2
21999,4
605,4
3918,2
10509,3
14337,4
1308,0
17694,2
12828,2
12979,0
14672,0
18821,4
8200,5
11331,3
12320,2
5945,5
13782,5
17115,2
21821,3
19652,5
11582,1
21771,3
13342,3
1174,1
8112,3
6841,3
18507,4
5193,3
11531,3
17505,2
12182,4
17904,0
18518,0
15630,3
19779,4
20314,3
8739,0
15781,4
5005,2
21031,2
3956,3
825,1
14439,3
11146,2
6963,2
5744,1
16968,2
1240,0
20720,1
16778,5
20813,5
766,1
17689,3
6306,3
2449,1
21930,0
15671,2
17255,2
18365,2
15090,0
5120,5
3652,3
6439,1
6091,1
5111,1
140,0
9045,2
16724,5
8967,1
10585,5
12145,3
3009,4
19319,4
10734,5
9615,3
2416,4
12670,0
16250,4
10763,2
7540,5
4156,3
1868,0
5882,3
11278,0
10234,1
1836,3
2206,0
7958,4
7692,3
15779,0
11853,2
18002,3
21940,3
5465,2
12616,3
22223,5
13242,3
3242,3
16232,3
137,1
1506,0
8363,4
10159,3
21924,3
13812,5
6434,3
16901,1
15477,3
19130,3
13936,2
10991,5
19404,5
16847,2
21780,5
19121,3
1148,3
2151,4
5041,3
807,2
14414,1
1507,2
20501,4
783,1
13532,5
1883,5
9449,0
12817,3
13833,0
22327,1
22295,1
2992,3
19484,4
14280,2
2318,4
11444,3
4438,1
1049,5
14111,1
16098,3
5071,2
2730,1
8869,3
3248,1
4917,5
21832,3
15955,1
21680,4
8580,3
7041,2
1932,3
11507,1
1723,3
12291,2
8704,5
6141,2
13066,0
16625,5
11986,0
10984,4
9605,0
10039,4
6992,0
17977,3
19584,3
17443,1
1850,3
3343,3
12820,5
11657,3
3007,3
2364,0
15285,0
4619,0
3487,2
13061,5
703,1
12751,4
1186,3
19063,5
1738,3
18064,2
8737,2
19284,5
19826,5
6863,2
15444,3
18142,1
19128,4
9814,1
20831,3
8620,4
9341,1
15772,0
10348,0
147,1
9909,4
13995,5
16907,3
4429,2
22086,2
10646,2
15840,1
21965,5
9037,3
2836,3
11296,0
11471,3
779,2
1830,1
11434,3
4145,0
22153,2
751,0
8604,4
7792,1
11359,1
16463,3
10145,3
4245,2
16388,2
8196,3
7553,1
7671,1
7368,2
18330,1
16414,4
17858,3
22022,3
681,0
763,3
4171,4
10630,5
7440,4
16044,3
11465,2
17734,1
3935,0
18520,1
8415,4
12628,1
19560,5
2193,1
21359,3
15717,5
958,1
7170,2
7765,3
16562,1
16857,0
10157,5
17748,2
11183,4
3138,3
7147,0
14561,2
17656,5
21933,3
19923,1
17685,4
16329,2
12243,3
5751,1
21388,4
15063,0
6028,5
261,3
6549,3
20872,2
12746,4
17742,2
13580,5
18023,1
10972,1
9393,2
7132,3
10728,5
21331,4
12192,1
11148,3
16324,4
3802,1
19403,5
6346,3
21179,1
11155,3
14210,4
20706,3
11400,0
13708,2
11946,1
3473,3
19067,1
21849,3
17156,0
7301,2
3829,1
14926,3
18986,1
6510,2
1044,4
13903,4
17730,2
18354,0
5947,0
19689,1
493,4
3693,1
12711,4
10284,3
13210,5
17044,4
16410,1
4537,3
7764,0
6649,2
17700,2
2148,2
5156,3
4458,2
18475,2
7278,1
19550,2
4502,2
10371,3
15484,2
13982,0
1064,5
1524,2
22018,3
19272,4
1248,5
11539,3
21196,3
11087,0
1088,3
17303,0
18592,0
18977,3
17004,3
15527,3
5472,3
11947,0
8656,5
20313,2
16520,5
609,3
6395,4
7726,3
3789,1
16861,3
235,1
7934,3
422,0
3396,2
5954,1
6568,2
12402,1
3624,2
1045,2
3732,3
6952,5
16176,2
14746,0
7545,3
41,3
10068,3
14042,3
3608,5
11494,1
14351,0
19408,2
15757,3
18386,1
516,4
20450,1
4613,2
2432,4
16065,3
15324,1
21554,4
17970,2
21143,4
11164,3
6621,3
19160,0
22024,4
213,3
16745,4
11383,4
18038,0
20375,2
2467,3
18542,4
15026,4
6671,2
7559,2
2240,2
35,4
16802,2
4992,0
21323,4
14976,1
11756,0
4866,1
9990,4
22258,0
1388,0
80,0
10434,2
6712,1
9607,2
17807,3
10904,5
8046,3
466,3
16020,3
17571,5
2212,2
6062,0
14827,0
11606,1
7168,3
20923,3
11032,5
20841,2
11528,0
13230,2
4625,3
19577,5
7531,4
11117,5
618,3
6729,1
2055,0
8955,1
14558,4
12878,5
4332,0
8770,4
3041,3
19658,2
7492,4
7205,3
3954,0
1358,0
2793,3
865,1
